Feature,Importance
meanPupilDiamater,0.22245364816145688
meanFixationDuration,0.21953961976171846
viewingTimeSec,0.21784788102821268
saccadeCount,0.17844395693195725
fixationCount,0.16171489411665482
