Feature,Importance
meanFixationDuration,0.2658052561580823
meanPupilDiamater,0.25476033401820875
viewingTimeSec,0.18290997324778868
saccadeCount,0.1628065851455664
fixationCount,0.13371785143035383
