Feature,Fake_Mean,Fake_SD,Real_Mean,Real_SD,Difference,t_statistic,p_value,cohens_d
viewingTimeSec,15.942219444444445,7.886199298167283,14.548965665236052,7.366059697025098,1.3932537792083934,3.4369101200742653,0.0006054190811047848,0.18249649863461384
fixationCount,61.19166666666667,28.00728968291069,55.58369098712446,26.355674293136982,5.607975679542207,3.8819596383371904,0.00010838302408558602,0.2061281840626431
meanFixationDuration,205.7467611111111,28.327500160529517,205.68860085836909,29.029126885277595,0.058160252742027296,0.03819729064766519,0.9695357615478943,0.0020282380268870546
meanPupilDiamater,0.6746055555555556,0.06934146804209837,0.6756022889842632,0.06994014465451577,-0.0009967334287076524,-0.26955818642488544,0.7875394192606271,-0.014313270781656375
saccadeCount,71.48611111111111,34.63141629490849,64.87410586552217,32.0368010387554,6.612005245588946,3.7306058333052086,0.00019856279594614195,0.19809144800951473
