r2_5fold,r2_lopo,mae_5fold,mae_lopo,accuracy_exact,accuracy_within1,classification_acc_5fold,classification_acc_lopo
-0.09543808123063369,-0.22611496532532877,1.023524743242314,1.025075750834503,0.44256518675123324,0.9422128259337562,0.5214801174538397,0.5207564546609604
